[
  {
    "label": 1,
    "data": 230000
  },{
    "label": 2,
    "data": 225700
  },{
    "label": 3,
    "data": 250000
  },{
    "label": 4,
    "data": 237500
  },{
    "label": 5,
    "data": 260000
  },{
    "label": 6,
    "data": 245000
  },{
    "label": 7,
    "data": 230000
  },{
    "label": 8,
    "data": 211000
  },{
    "label": 9,
    "data": 198250
  },{
    "label": 10,
    "data": 243080
  },{
    "label": 11,
    "data": 265400
  },{
    "label": 12,
    "data": 230000
  },{
    "label": 13,
    "data": 225700
  },{
    "label": 14,
    "data": 250000
  },{
    "label": 15,
    "data": 237500
  },{
    "label": 16,
    "data": 260000
  },{
    "label": 17,
    "data": 255680
  },{
    "label": 18,
    "data": 224500
  },{
    "label": 19,
    "data": 230000
  },{
    "label": 20,
    "data": 245000
  },{
    "label": 21,
    "data": 221100
  },{
    "label": 22,
    "data": 200500
  },{
    "label": 23,
    "data": 240100
  },{
    "label": 24,
    "data": 267800
  },{
    "label": 25,
    "data": 201500
  },{
    "label": 26,
    "data": 248100
  },{
    "label": 27,
    "data": 258500
  },{
    "label": 28,
    "data": 220000
  },{
    "label": 29,
    "data": 220000
  },{
    "label": 30,
    "data": 230000
  },{
    "label": 31,
    "data": 260000
  }
]